filename,prediction
36_1_4_20170104172843788.jpg.chip.jpg,51.87812423706055
18_1_0_20170109212830216.jpg.chip.jpg,17.54085350036621
35_0_3_20170109132951262.jpg.chip.jpg,32.160858154296875
26_1_1_20170103225852672.jpg.chip.jpg,29.998153686523438
49_1_0_20170110154336582.jpg.chip.jpg,33.233787536621094
36_0_3_20170104220654654.jpg.chip.jpg,58.717288970947266
48_0_4_20170104211610652.jpg.chip.jpg,27.676559448242188
46_1_0_20170110154306423.jpg.chip.jpg,23.39470672607422
83_1_0_20170110160644142.jpg.chip.jpg,49.47386932373047
14_1_0_20170103163023120.jpg.chip.jpg,16.13909912109375
39_1_0_20170104171537233.jpg.chip.jpg,57.542274475097656
26_0_4_20170103224832945.jpg.chip.jpg,28.243696212768555
5_0_3_20161220223303987.jpg.chip.jpg,8.633686065673828
54_1_3_20170109141510546.jpg.chip.jpg,35.956050872802734
28_1_0_20170104165123368.jpg.chip.jpg,18.008546829223633
40_0_0_20170105172925445.jpg.chip.jpg,42.41450881958008
51_1_3_20170109132350438.jpg.chip.jpg,12.703962326049805
32_1_3_20170109141349200.jpg.chip.jpg,37.8386344909668
8_1_0_20170109203407112.jpg.chip.jpg,2.897963047027588
4_0_3_20161220222705570.jpg.chip.jpg,2.2089881896972656
32_1_0_20170103182605514.jpg.chip.jpg,41.03803634643555
1_0_0_20170103210548852.jpg.chip.jpg,0.6631103754043579
29_1_0_20170103181717184.jpg.chip.jpg,31.796768188476562
1_0_2_20161219162719255.jpg.chip.jpg,-3.4033713340759277
18_1_0_20170109213933756.jpg.chip.jpg,22.58376693725586
13_1_0_20170110220422857.jpg.chip.jpg,19.45101547241211
12_0_4_20170103205745050.jpg.chip.jpg,10.601851463317871
58_1_0_20170109150657263.jpg.chip.jpg,35.80360412597656
71_0_0_20170111210043449.jpg.chip.jpg,60.9797477722168
24_1_2_20170104021300885.jpg.chip.jpg,30.15544319152832
1_0_3_20161220222711441.jpg.chip.jpg,9.348368644714355
1_0_2_20161219153127196.jpg.chip.jpg,3.233696460723877
50_1_0_20170109012542626.jpg.chip.jpg,38.908077239990234
1_0_4_20170103210812538.jpg.chip.jpg,2.2058463096618652
59_1_0_20170110131916835.jpg.chip.jpg,54.59036636352539
37_0_0_20170109001555863.jpg.chip.jpg,51.82239532470703
9_0_0_20170110220406314.jpg.chip.jpg,14.160979270935059
45_0_0_20170104184307637.jpg.chip.jpg,53.045814514160156
26_1_3_20170104235421282.jpg.chip.jpg,15.55325698852539
1_0_0_20170110205409644.jpg.chip.jpg,5.286619663238525
31_1_0_20170104181343268.jpg.chip.jpg,43.471031188964844
61_0_3_20170109131758363.jpg.chip.jpg,49.36930465698242
1_0_2_20161219155655085.jpg.chip.jpg,1.2188888788223267
1_0_2_20161219162431598.jpg.chip.jpg,1.779650330543518
31_1_0_20170109132941538.jpg.chip.jpg,25.19269371032715
6_0_3_20161220145323231.jpg.chip.jpg,22.533124923706055
57_1_3_20170104234912850.jpg.chip.jpg,39.4943733215332
50_1_0_20170110143350447.jpg.chip.jpg,47.704647064208984
4_0_0_20170110211454141.jpg.chip.jpg,25.082603454589844
32_1_0_20170105162521931.jpg.chip.jpg,49.64409637451172
2_1_3_20161220220209321.jpg.chip.jpg,1.9496723413467407
38_0_2_20170109002407221.jpg.chip.jpg,33.69871139526367
7_1_0_20170109201632806.jpg.chip.jpg,3.4595727920532227
35_0_0_20170108224654643.jpg.chip.jpg,28.003520965576172
43_1_0_20170109010025945.jpg.chip.jpg,22.102834701538086
1_0_2_20161219163930672.jpg.chip.jpg,-1.6005977392196655
27_1_3_20170104223208693.jpg.chip.jpg,26.9592227935791
25_1_4_20170103223548135.jpg.chip.jpg,36.740020751953125
15_0_0_20170110232327328.jpg.chip.jpg,33.52070999145508
51_1_3_20170109142147935.jpg.chip.jpg,52.243621826171875
5_1_2_20161219142543345.jpg.chip.jpg,8.091835975646973
28_1_3_20170109142213006.jpg.chip.jpg,33.75196838378906
27_0_3_20161220221833874.jpg.chip.jpg,31.537277221679688
26_0_3_20170104214726725.jpg.chip.jpg,27.251453399658203
2_1_3_20161220221639986.jpg.chip.jpg,4.049915790557861
4_1_4_20161221193349166.jpg.chip.jpg,25.376989364624023
25_1_4_20161223230018963.jpg.chip.jpg,29.643125534057617
4_0_3_20161220222803227.jpg.chip.jpg,7.227763652801514
1_0_2_20161219212700566.jpg.chip.jpg,-0.25598183274269104
35_0_3_20170104201943761.jpg.chip.jpg,21.393613815307617
85_1_0_20170110184040927.jpg.chip.jpg,76.05132293701172
19_0_1_20170110231850376.jpg.chip.jpg,29.164552688598633
39_0_0_20170105165203483.jpg.chip.jpg,34.692630767822266
1_1_2_20161219222021335.jpg.chip.jpg,0.10738334059715271
16_0_0_20170110231517869.jpg.chip.jpg,30.286718368530273
2_1_3_20161219225905168.jpg.chip.jpg,0.4134765565395355
1_0_0_20170110212704144.jpg.chip.jpg,-2.7874960899353027
4_0_0_20170110213510791.jpg.chip.jpg,3.662609577178955
21_1_3_20170105003215901.jpg.chip.jpg,17.87486457824707
1_0_3_20161220220910514.jpg.chip.jpg,3.8709497451782227
49_1_0_20170109220434368.jpg.chip.jpg,41.65842819213867
17_1_0_20170109213929449.jpg.chip.jpg,18.43547248840332
2_0_3_20161220221558178.jpg.chip.jpg,-1.919035792350769
17_0_0_20170105183607439.jpg.chip.jpg,32.08580780029297
46_1_0_20170105172417134.jpg.chip.jpg,48.32065963745117
80_0_0_20170111222225975.jpg.chip.jpg,45.705543518066406
7_0_0_20170110225211960.jpg.chip.jpg,11.257126808166504
54_0_0_20170104212707930.jpg.chip.jpg,15.1539945602417
2_0_0_20170109194104628.jpg.chip.jpg,0.955752968788147
60_0_0_20170111203914420.jpg.chip.jpg,69.71729278564453
8_1_2_20170109204518758.jpg.chip.jpg,32.86417770385742
29_0_3_20170104232720881.jpg.chip.jpg,40.58611297607422
86_0_0_20170111222700442.jpg.chip.jpg,92.1341781616211
49_1_0_20170109013132704.jpg.chip.jpg,49.88278579711914
15_1_0_20170109213448729.jpg.chip.jpg,24.43546485900879
20_1_0_20170105183741919.jpg.chip.jpg,25.15376853942871
23_1_2_20170104020053452.jpg.chip.jpg,14.602508544921875
16_0_0_20170110232332618.jpg.chip.jpg,23.764368057250977
1_1_4_20161221200103831.jpg.chip.jpg,5.707373142242432
47_0_0_20170109010047327.jpg.chip.jpg,63.37502670288086
52_1_0_20170104192618431.jpg.chip.jpg,50.26839065551758
32_1_0_20170103182609772.jpg.chip.jpg,50.37784957885742
51_0_0_20170109134337423.jpg.chip.jpg,56.69379806518555
1_1_0_20161219225855568.jpg.chip.jpg,2.555783748626709
15_1_0_20170103201148510.jpg.chip.jpg,21.301738739013672
62_1_0_20170110182008441.jpg.chip.jpg,58.72940444946289
1_0_1_20170110213113882.jpg.chip.jpg,0.7619588375091553
3_1_1_20170109191427473.jpg.chip.jpg,3.0807104110717773
1_1_4_20161221202159241.jpg.chip.jpg,3.995920181274414
3_1_2_20161219190200060.jpg.chip.jpg,1.0863109827041626
22_0_2_20170104022354725.jpg.chip.jpg,29.606239318847656
22_1_1_20170103175340561.jpg.chip.jpg,18.469175338745117
1_1_2_20161219155927997.jpg.chip.jpg,1.7181364297866821
52_0_0_20170111181750501.jpg.chip.jpg,54.834720611572266
24_1_0_20170111182452781.jpg.chip.jpg,31.20029640197754
8_0_0_20170110215400015.jpg.chip.jpg,7.156130313873291
8_1_0_20170109202254541.jpg.chip.jpg,10.939940452575684
39_0_4_20170104205601141.jpg.chip.jpg,66.27371978759766
16_0_0_20170110231230149.jpg.chip.jpg,10.301809310913086
10_1_0_20170109205141310.jpg.chip.jpg,30.546735763549805
51_0_0_20170105172830957.jpg.chip.jpg,37.36899185180664
3_1_2_20161219152927668.jpg.chip.jpg,0.9925209283828735
3_1_3_20161219230023400.jpg.chip.jpg,11.744277954101562
45_1_0_20170104211742180.jpg.chip.jpg,51.45072555541992
39_1_4_20170104172929139.jpg.chip.jpg,19.238216400146484
4_0_0_20170110213528845.jpg.chip.jpg,5.950806140899658
62_0_0_20170111171747583.jpg.chip.jpg,40.61111068725586
96_1_0_20170110182019881.jpg.chip.jpg,87.61753845214844
19_1_2_20170104005053831.jpg.chip.jpg,33.46533966064453
43_0_0_20170104183504030.jpg.chip.jpg,48.94507598876953
25_0_3_20170104230440360.jpg.chip.jpg,25.454042434692383
76_0_0_20170111210806003.jpg.chip.jpg,61.42454528808594
63_0_0_20170111193827549.jpg.chip.jpg,61.14826965332031
68_1_0_20170110131335562.jpg.chip.jpg,51.824588775634766
2_0_4_20161221192651909.jpg.chip.jpg,6.940881252288818
1_0_0_20170110212907649.jpg.chip.jpg,20.098003387451172
24_0_4_20170103223928055.jpg.chip.jpg,39.54161071777344
85_1_0_20170110184027031.jpg.chip.jpg,34.24977493286133
26_0_2_20170104023102422.jpg.chip.jpg,13.166678428649902
4_1_0_20170109193519993.jpg.chip.jpg,-0.4895137846469879
4_1_4_20161223230120250.jpg.chip.jpg,5.325755596160889
49_0_3_20170104214709125.jpg.chip.jpg,27.921689987182617
35_0_4_20170103234956580.jpg.chip.jpg,36.7371711730957
17_1_0_20170105183400255.jpg.chip.jpg,43.022281646728516
8_1_0_20170103200956895.jpg.chip.jpg,6.478950500488281
22_1_3_20170104214404028.jpg.chip.jpg,34.71683120727539
56_0_3_20170104232656954.jpg.chip.jpg,26.408239364624023
35_1_0_20170104171655778.jpg.chip.jpg,25.010854721069336
29_1_0_20170103182130033.jpg.chip.jpg,45.70387268066406
9_0_3_20170104225726769.jpg.chip.jpg,27.076379776000977
72_1_0_20170110140754434.jpg.chip.jpg,68.15644073486328
16_0_0_20170110232528586.jpg.chip.jpg,18.748090744018555
23_1_2_20170104021026844.jpg.chip.jpg,3.1386208534240723
24_1_0_20170105003235308.jpg.chip.jpg,29.080228805541992
75_1_0_20170109142100690.jpg.chip.jpg,72.15374755859375
17_1_4_20170103222920542.jpg.chip.jpg,28.026063919067383
27_0_0_20170105164657988.jpg.chip.jpg,32.16579055786133
66_1_0_20170110140426872.jpg.chip.jpg,31.93634796142578
24_1_4_20170103223348808.jpg.chip.jpg,20.279659271240234
1_0_0_20161219203503252.jpg.chip.jpg,-4.240715503692627
67_0_0_20170104213103526.jpg.chip.jpg,93.70930480957031
1_0_3_20161219230224536.jpg.chip.jpg,3.8182101249694824
3_0_0_20170110212807163.jpg.chip.jpg,3.056870937347412
28_1_3_20170104223537760.jpg.chip.jpg,19.95915412902832
43_0_0_20170104205923244.jpg.chip.jpg,45.86069107055664
20_1_3_20170104231456714.jpg.chip.jpg,18.32231330871582
12_0_0_20170110221819113.jpg.chip.jpg,29.12774658203125
2_1_0_20161219190909739.jpg.chip.jpg,1.5797077417373657
1_0_3_20161220144835319.jpg.chip.jpg,1.502806305885315
32_1_0_20170109133037167.jpg.chip.jpg,73.40808868408203
16_0_0_20170110231647962.jpg.chip.jpg,16.7742977142334
9_0_0_20170110220515721.jpg.chip.jpg,14.744572639465332
25_1_3_20161220221512186.jpg.chip.jpg,21.861783981323242
28_1_1_20170105003322373.jpg.chip.jpg,38.73200225830078
2_0_2_20161219200316835.jpg.chip.jpg,2.604919910430908
13_1_4_20170103201542217.jpg.chip.jpg,17.693208694458008
35_0_0_20170104210200460.jpg.chip.jpg,55.34212875366211
37_1_0_20170103181740689.jpg.chip.jpg,47.70247268676758
2_0_2_20161219141147608.jpg.chip.jpg,6.712989330291748
2_0_2_20161219203358108.jpg.chip.jpg,6.104345798492432
1_0_3_20161219224709226.jpg.chip.jpg,1.0889002084732056
30_0_3_20170104220333766.jpg.chip.jpg,43.55279541015625
65_1_0_20170110160643954.jpg.chip.jpg,50.52876663208008
90_0_0_20170111222418306.jpg.chip.jpg,78.79638671875
1_1_4_20161221193743543.jpg.chip.jpg,8.113337516784668
26_1_0_20170103182026289.jpg.chip.jpg,33.51430892944336
25_1_3_20170104232710103.jpg.chip.jpg,33.10312271118164
1_1_4_20170103212116187.jpg.chip.jpg,17.952497482299805
29_1_0_20170104172655682.jpg.chip.jpg,37.0924186706543
20_1_3_20170104231832057.jpg.chip.jpg,34.12979507446289
29_1_0_20170104235458939.jpg.chip.jpg,31.36014747619629
24_1_0_20170104021019292.jpg.chip.jpg,21.37851905822754
17_1_1_20170103222937063.jpg.chip.jpg,18.813045501708984
92_1_0_20170110175809576.jpg.chip.jpg,75.43048858642578
43_0_1_20170104185752431.jpg.chip.jpg,35.58880615234375
34_0_0_20170105164139508.jpg.chip.jpg,28.810731887817383
65_1_0_20170110160643923.jpg.chip.jpg,47.968719482421875
56_0_0_20170111203105369.jpg.chip.jpg,51.345401763916016
9_0_2_20170110224555634.jpg.chip.jpg,14.672074317932129
13_0_0_20170110225302179.jpg.chip.jpg,22.568384170532227
43_0_0_20170103183345633.jpg.chip.jpg,49.23935317993164
88_1_0_20170110182132120.jpg.chip.jpg,68.65764617919922
5_0_0_20170110213118425.jpg.chip.jpg,7.451210975646973
15_1_4_20170109212947695.jpg.chip.jpg,23.29603385925293
89_1_0_20170110184022572.jpg.chip.jpg,66.23080444335938
27_1_2_20170104021418549.jpg.chip.jpg,33.0158576965332
6_1_2_20161219190216289.jpg.chip.jpg,15.922844886779785
23_1_2_20170107213827250.jpg.chip.jpg,30.270009994506836
56_0_3_20170105180725694.jpg.chip.jpg,83.05517578125
4_1_0_20170109192110040.jpg.chip.jpg,3.67020845413208
38_1_0_20170104183632893.jpg.chip.jpg,43.39619827270508
4_1_0_20170109191412927.jpg.chip.jpg,1.8101640939712524
2_1_4_20170103213243276.jpg.chip.jpg,-0.2917713224887848
35_0_3_20170104214246948.jpg.chip.jpg,34.15186309814453
17_1_0_20170109213944067.jpg.chip.jpg,11.113186836242676
52_0_0_20170111171747390.jpg.chip.jpg,37.499141693115234
2_1_3_20161219230018024.jpg.chip.jpg,2.7155117988586426
1_0_2_20161219220503943.jpg.chip.jpg,1.095340371131897
9_0_0_20170110224411209.jpg.chip.jpg,10.928650856018066
9_0_0_20170110220237634.jpg.chip.jpg,11.871392250061035
31_0_0_20170104201545729.jpg.chip.jpg,34.46642303466797
43_0_1_20170104184132454.jpg.chip.jpg,22.54623794555664
80_0_0_20170110183557670.jpg.chip.jpg,92.15975189208984
11_1_4_20170104005813063.jpg.chip.jpg,14.783656120300293
80_1_4_20170110184132973.jpg.chip.jpg,45.92104721069336
38_1_1_20170104234648395.jpg.chip.jpg,34.0610466003418
69_0_0_20170111205027543.jpg.chip.jpg,89.02570343017578
7_1_4_20170104010111013.jpg.chip.jpg,26.04344367980957
32_1_0_20170104234919354.jpg.chip.jpg,26.781057357788086
8_1_4_20170103233220163.jpg.chip.jpg,6.850657939910889
46_0_3_20170104210508188.jpg.chip.jpg,39.5949821472168
20_1_4_20170105183316775.jpg.chip.jpg,26.922697067260742
32_0_0_20170105172708084.jpg.chip.jpg,27.96302032470703
9_1_0_20170109202228755.jpg.chip.jpg,29.057634353637695
26_1_0_20170103181926881.jpg.chip.jpg,31.486942291259766
34_1_3_20170105000852573.jpg.chip.jpg,29.111005783081055
17_0_0_20170110231605793.jpg.chip.jpg,31.488792419433594
67_0_0_20170105172950852.jpg.chip.jpg,62.761871337890625
24_1_3_20170104223616047.jpg.chip.jpg,27.034170150756836
12_1_0_20170109204750280.jpg.chip.jpg,11.692010879516602
33_1_0_20170105183847334.jpg.chip.jpg,54.30702590942383
63_1_0_20170110142522883.jpg.chip.jpg,54.28019332885742
38_0_0_20170103183142330.jpg.chip.jpg,41.919002532958984
47_0_0_20170109010730191.jpg.chip.jpg,17.413354873657227
26_1_0_20170103181948785.jpg.chip.jpg,40.05311584472656
21_0_0_20170104230101545.jpg.chip.jpg,26.661577224731445
2_1_2_20161219204458116.jpg.chip.jpg,-2.2459092140197754
15_0_0_20170104011728017.jpg.chip.jpg,44.22922134399414
88_1_0_20170110183050254.jpg.chip.jpg,58.60184860229492
7_0_0_20170110215437740.jpg.chip.jpg,6.170795917510986
14_1_0_20170109204218773.jpg.chip.jpg,17.104141235351562
38_1_0_20170104171708706.jpg.chip.jpg,32.64211654663086
1_1_3_20161220145401126.jpg.chip.jpg,-2.2595815658569336
1_1_2_20161219221253335.jpg.chip.jpg,2.774852752685547
71_0_0_20170111203734910.jpg.chip.jpg,45.428653717041016
34_0_2_20170105173426253.jpg.chip.jpg,26.10578155517578
16_1_4_20170103233406635.jpg.chip.jpg,37.21073532104492
32_1_0_20170105163404036.jpg.chip.jpg,39.64769744873047
8_0_0_20170110225358551.jpg.chip.jpg,4.847147464752197
9_0_0_20170110225318820.jpg.chip.jpg,21.67897605895996
3_1_2_20161219160836485.jpg.chip.jpg,3.695621967315674
10_0_0_20170110220546177.jpg.chip.jpg,3.818848133087158
3_0_2_20161219141852353.jpg.chip.jpg,2.503580093383789
2_0_2_20161219222714623.jpg.chip.jpg,2.5672402381896973
4_1_2_20161219221140063.jpg.chip.jpg,11.534690856933594
62_0_1_20170111223858253.jpg.chip.jpg,27.55544090270996
27_1_0_20170103181541352.jpg.chip.jpg,42.380062103271484
3_1_2_20161219160007413.jpg.chip.jpg,3.114135265350342
37_0_2_20170109013510428.jpg.chip.jpg,26.790990829467773
58_1_0_20170104185337334.jpg.chip.jpg,43.9107780456543
31_0_3_20170104230610969.jpg.chip.jpg,32.25249481201172
12_1_0_20170109205130906.jpg.chip.jpg,15.736943244934082
10_1_2_20170109205037024.jpg.chip.jpg,15.454575538635254
26_1_0_20170103180530224.jpg.chip.jpg,31.607206344604492
45_1_0_20170103163617968.jpg.chip.jpg,90.6990737915039
10_0_0_20170110224238891.jpg.chip.jpg,17.23421859741211
2_1_2_20161219203903148.jpg.chip.jpg,10.106727600097656
1_0_2_20161219153151084.jpg.chip.jpg,9.215914726257324
60_1_0_20170110151506029.jpg.chip.jpg,45.25083923339844
8_1_0_20170109204830640.jpg.chip.jpg,10.436509132385254
19_1_0_20170109193136416.jpg.chip.jpg,24.540287017822266
56_0_0_20170104203949915.jpg.chip.jpg,55.51724624633789
33_0_0_20170104165541073.jpg.chip.jpg,58.564083099365234
56_1_0_20170110122646077.jpg.chip.jpg,54.37649917602539
14_0_3_20170104230143521.jpg.chip.jpg,11.546926498413086
2_0_0_20170110211457583.jpg.chip.jpg,8.250212669372559
3_1_2_20161219160308941.jpg.chip.jpg,53.20973587036133
1_0_4_20161221194937848.jpg.chip.jpg,4.36737585067749
9_0_0_20170110224607682.jpg.chip.jpg,27.76066017150879
22_1_0_20170109213059848.jpg.chip.jpg,29.65414047241211
14_0_0_20170110232801598.jpg.chip.jpg,17.54601287841797
92_0_0_20170111223719595.jpg.chip.jpg,77.95903778076172
26_1_0_20170111182452795.jpg.chip.jpg,22.435422897338867
1_0_2_20161219140525218.jpg.chip.jpg,-2.1770401000976562
16_0_0_20170110231811882.jpg.chip.jpg,52.37555694580078
88_1_2_20170110182404089.jpg.chip.jpg,115.75191497802734
26_1_0_20170109141214949.jpg.chip.jpg,19.022607803344727
5_0_2_20161219151837283.jpg.chip.jpg,4.922212600708008
3_1_0_20170109190700159.jpg.chip.jpg,-0.0055984556674957275
2_0_4_20161221202417666.jpg.chip.jpg,0.8125063180923462
23_1_1_20170103212737732.jpg.chip.jpg,27.062021255493164
15_1_2_20161219193333691.jpg.chip.jpg,11.126114845275879
7_0_0_20170110225222391.jpg.chip.jpg,9.038559913635254
41_1_4_20170104204946628.jpg.chip.jpg,76.09276580810547
58_0_0_20170111210633610.jpg.chip.jpg,47.066402435302734
17_1_0_20170104013458371.jpg.chip.jpg,45.31599807739258
39_0_0_20170104204642477.jpg.chip.jpg,43.784732818603516
80_1_0_20170110151356634.jpg.chip.jpg,35.7282829284668
28_1_3_20170104192939143.jpg.chip.jpg,34.55179977416992
25_1_3_20170104214624646.jpg.chip.jpg,37.3024787902832
22_1_3_20170104232504850.jpg.chip.jpg,17.730560302734375
20_1_4_20161223230115267.jpg.chip.jpg,25.36756706237793
38_0_2_20170109013216517.jpg.chip.jpg,21.208499908447266
53_0_0_20170104184617629.jpg.chip.jpg,94.4836654663086
25_1_0_20170105183547063.jpg.chip.jpg,28.456785202026367
31_1_2_20161219203219180.jpg.chip.jpg,10.651017189025879
73_1_0_20170110140417960.jpg.chip.jpg,63.089088439941406
4_0_1_20161219230428976.jpg.chip.jpg,12.579075813293457
24_1_4_20170103230137338.jpg.chip.jpg,31.740537643432617
27_1_2_20170104020617357.jpg.chip.jpg,13.909063339233398
36_1_3_20170109141841866.jpg.chip.jpg,42.27702713012695
5_1_0_20170109193852084.jpg.chip.jpg,21.424087524414062
21_1_4_20170104005731615.jpg.chip.jpg,40.220367431640625
36_1_0_20170103183422618.jpg.chip.jpg,48.0236701965332
68_0_0_20170111222231920.jpg.chip.jpg,46.25069808959961
2_1_0_20170109191715669.jpg.chip.jpg,-0.6025413274765015
55_0_2_20170104023159589.jpg.chip.jpg,41.6774787902832
56_0_0_20170111204518142.jpg.chip.jpg,72.81340789794922
20_1_4_20170104005353062.jpg.chip.jpg,22.882814407348633
18_1_0_20170109212425897.jpg.chip.jpg,23.42854881286621
3_0_2_20161219201230500.jpg.chip.jpg,0.40597400069236755
70_1_0_20170110183435147.jpg.chip.jpg,52.86091232299805
6_1_2_20161219153247548.jpg.chip.jpg,44.21639633178711
34_0_0_20170103182629265.jpg.chip.jpg,70.67657470703125
25_1_3_20170109213212198.jpg.chip.jpg,36.07560348510742
6_1_3_20161220223052131.jpg.chip.jpg,10.418780326843262
6_1_3_20170104222751249.jpg.chip.jpg,23.457983016967773
32_0_4_20170104170351168.jpg.chip.jpg,34.61233901977539
1_1_2_20161219200100707.jpg.chip.jpg,2.1348824501037598
24_0_2_20170104021847349.jpg.chip.jpg,19.819835662841797
24_1_4_20170103224910931.jpg.chip.jpg,39.408348083496094
18_0_3_20170104230409040.jpg.chip.jpg,19.315261840820312
80_0_1_20170111181750520.jpg.chip.jpg,36.70676803588867
14_0_0_20170104012315465.jpg.chip.jpg,33.414642333984375
54_0_0_20170105164001139.jpg.chip.jpg,48.34638214111328
11_0_0_20170110225254975.jpg.chip.jpg,13.913366317749023
53_1_0_20170110154535039.jpg.chip.jpg,41.2816047668457
17_1_0_20170109213933756.jpg.chip.jpg,39.957828521728516
1_0_3_20161219225721496.jpg.chip.jpg,1.3021951913833618
27_0_3_20170104230550273.jpg.chip.jpg,18.222721099853516
52_1_0_20170103163702176.jpg.chip.jpg,62.74388885498047
6_1_3_20161220220517209.jpg.chip.jpg,26.251596450805664
8_1_0_20170109202428799.jpg.chip.jpg,6.854321479797363
1_1_4_20170103205134402.jpg.chip.jpg,6.743969440460205
34_0_4_20170104201954962.jpg.chip.jpg,33.04252243041992
54_0_0_20170111222617768.jpg.chip.jpg,35.98777389526367
32_0_4_20170103235510730.jpg.chip.jpg,51.738529205322266
1_0_2_20161219161625326.jpg.chip.jpg,-2.212803363800049
43_1_0_20170103183357706.jpg.chip.jpg,64.35720825195312
2_1_2_20161219222030167.jpg.chip.jpg,1.1602016687393188
58_0_0_20170111195852891.jpg.chip.jpg,35.286922454833984
8_1_3_20170109205422312.jpg.chip.jpg,14.3493070602417
15_1_3_20170104222007428.jpg.chip.jpg,14.155744552612305
1_0_3_20161219225759904.jpg.chip.jpg,3.341832160949707
16_0_0_20170110232803098.jpg.chip.jpg,19.433347702026367
36_1_0_20170105173107189.jpg.chip.jpg,32.485107421875
1_1_2_20161219195107011.jpg.chip.jpg,-0.1382240355014801
16_1_1_20170109214053896.jpg.chip.jpg,21.69931983947754
17_1_0_20170109212954942.jpg.chip.jpg,35.439903259277344
1_1_3_20161220220541057.jpg.chip.jpg,2.498530387878418
2_0_3_20161219225707719.jpg.chip.jpg,4.9385986328125
85_1_0_20170110141034090.jpg.chip.jpg,66.78673553466797
64_0_0_20170111204813415.jpg.chip.jpg,36.17582321166992
1_0_0_20170109191440780.jpg.chip.jpg,1.39092218875885
73_0_0_20170104213657221.jpg.chip.jpg,63.419254302978516
2_1_3_20161219230145088.jpg.chip.jpg,0.7706609964370728
11_1_0_20170109204523092.jpg.chip.jpg,12.123641967773438
72_1_0_20170110122624490.jpg.chip.jpg,24.030733108520508
25_1_1_20170102233540371.jpg.chip.jpg,24.156661987304688
83_1_0_20170109221112556.jpg.chip.jpg,45.452919006347656
44_1_3_20170109141426511.jpg.chip.jpg,16.148178100585938
39_0_3_20170105164649724.jpg.chip.jpg,52.81919860839844
1_1_2_20161219161814470.jpg.chip.jpg,3.5160374641418457
3_0_0_20170110213041017.jpg.chip.jpg,1.7026358842849731
26_0_0_20170102233359482.jpg.chip.jpg,21.699190139770508
41_1_0_20170104183215660.jpg.chip.jpg,56.74444580078125
53_0_0_20170111202320442.jpg.chip.jpg,44.05649185180664
28_1_4_20170103235557846.jpg.chip.jpg,32.77335739135742
51_0_4_20170104210502395.jpg.chip.jpg,54.572811126708984
9_0_0_20170110220559873.jpg.chip.jpg,6.683311939239502
8_1_0_20170109205351904.jpg.chip.jpg,6.033240795135498
32_1_0_20170105002717213.jpg.chip.jpg,36.239261627197266
10_1_3_20170109205323078.jpg.chip.jpg,6.354206562042236
57_0_0_20170109012626427.jpg.chip.jpg,73.15019989013672
1_0_3_20161219224917304.jpg.chip.jpg,0.08818301558494568
24_1_3_20170104223610175.jpg.chip.jpg,17.12810707092285
48_0_0_20170104210544269.jpg.chip.jpg,42.485225677490234
24_1_4_20170103223935080.jpg.chip.jpg,31.727031707763672
4_1_4_20170103210522819.jpg.chip.jpg,46.12039566040039
50_1_2_20170104023119069.jpg.chip.jpg,56.79855728149414
1_0_2_20161219204634589.jpg.chip.jpg,-3.5667996406555176
1_0_2_20161219155854085.jpg.chip.jpg,-1.3244422674179077
2_1_0_20170109193339281.jpg.chip.jpg,-0.8415206670761108
2_0_2_20161219151847379.jpg.chip.jpg,2.3823952674865723
3_1_0_20161219230026848.jpg.chip.jpg,6.895588397979736
72_0_0_20170111171747670.jpg.chip.jpg,69.4000473022461
5_1_2_20161219194405259.jpg.chip.jpg,7.398297309875488
60_1_0_20170110154325940.jpg.chip.jpg,66.56603240966797
27_1_3_20170104222326719.jpg.chip.jpg,22.985258102416992
4_0_0_20170110213530901.jpg.chip.jpg,6.830245018005371
53_0_0_20170104204651866.jpg.chip.jpg,31.449214935302734
11_1_0_20170103200517422.jpg.chip.jpg,8.44247817993164
90_0_0_20170111211415063.jpg.chip.jpg,32.839786529541016
58_1_0_20170109015200826.jpg.chip.jpg,11.601877212524414
66_1_0_20170110141312880.jpg.chip.jpg,69.79212188720703
2_0_3_20161219225440088.jpg.chip.jpg,1.2659908533096313
15_0_0_20170104012102240.jpg.chip.jpg,43.0201416015625
6_1_2_20161219205748924.jpg.chip.jpg,6.278575420379639
4_1_0_20170109192248839.jpg.chip.jpg,2.3535871505737305
6_1_3_20161220220748274.jpg.chip.jpg,6.6009087562561035
23_1_0_20170104021538021.jpg.chip.jpg,28.432397842407227
76_0_0_20170111201015692.jpg.chip.jpg,62.27275085449219
82_0_0_20170111210217828.jpg.chip.jpg,26.14623260498047
9_0_1_20170110224349623.jpg.chip.jpg,12.551966667175293
37_0_0_20170105172702509.jpg.chip.jpg,24.839792251586914
18_1_0_20170109214044181.jpg.chip.jpg,15.166083335876465
18_0_0_20170110231723682.jpg.chip.jpg,26.11373519897461
2_1_3_20161219225526407.jpg.chip.jpg,4.078779697418213
1_1_1_20170109190848182.jpg.chip.jpg,7.7630791664123535
7_1_0_20170109203621621.jpg.chip.jpg,16.16897964477539
22_1_4_20170103223216583.jpg.chip.jpg,30.603425979614258
60_1_0_20170110151507697.jpg.chip.jpg,59.6164436340332
1_0_1_20170110213810856.jpg.chip.jpg,12.795547485351562
39_0_0_20170104204624075.jpg.chip.jpg,43.77432632446289
88_1_0_20170110183756051.jpg.chip.jpg,72.95832061767578
24_1_3_20170104231911026.jpg.chip.jpg,29.81537437438965
9_0_0_20170110225030430.jpg.chip.jpg,44.5641975402832
2_0_2_20161219162504886.jpg.chip.jpg,-0.4258541166782379
52_0_0_20170111202347090.jpg.chip.jpg,51.32695388793945
80_1_0_20170110141723527.jpg.chip.jpg,61.96198654174805
25_1_3_20170104234854715.jpg.chip.jpg,22.52912712097168
49_0_0_20170104185007076.jpg.chip.jpg,59.67222595214844
72_1_0_20170110173128700.jpg.chip.jpg,93.86759185791016
50_1_0_20170105173205092.jpg.chip.jpg,42.4969596862793
89_0_3_20170105180305886.jpg.chip.jpg,68.8873062133789
21_1_3_20170104222121713.jpg.chip.jpg,38.60822296142578
1_0_0_20170109194042219.jpg.chip.jpg,0.7876735925674438
1_0_0_20161219154909149.jpg.chip.jpg,0.18402156233787537
49_1_1_20170104005312671.jpg.chip.jpg,44.96589279174805
1_0_2_20161219203325644.jpg.chip.jpg,-0.386744886636734
61_1_0_20170110181725541.jpg.chip.jpg,63.641456604003906
15_0_0_20170110232721987.jpg.chip.jpg,30.042434692382812
42_1_0_20170104181529757.jpg.chip.jpg,62.61568832397461
16_1_0_20170104011815680.jpg.chip.jpg,18.508310317993164
1_1_2_20161219142156353.jpg.chip.jpg,-0.8424609899520874
56_0_0_20170111203827776.jpg.chip.jpg,13.438179969787598
3_1_0_20170109192003664.jpg.chip.jpg,0.5439249277114868
48_1_0_20170109142311780.jpg.chip.jpg,45.92789077758789
48_0_2_20170104212013870.jpg.chip.jpg,75.99958038330078
32_1_3_20170109140230761.jpg.chip.jpg,56.527034759521484
27_1_0_20170103182501706.jpg.chip.jpg,32.02389144897461
60_1_0_20170110122544644.jpg.chip.jpg,42.569339752197266
78_1_0_20170110181616162.jpg.chip.jpg,90.28446197509766
31_1_0_20170105162708403.jpg.chip.jpg,31.865392684936523
62_0_0_20170105173715821.jpg.chip.jpg,59.69815444946289
4_0_2_20161219154925917.jpg.chip.jpg,12.916358947753906
82_1_0_20170110132435984.jpg.chip.jpg,76.08031463623047
31_1_4_20161221193256437.jpg.chip.jpg,43.43281173706055
21_1_4_20170103223208902.jpg.chip.jpg,24.276884078979492
85_1_0_20170110181732789.jpg.chip.jpg,61.96516418457031
78_0_0_20170111222546535.jpg.chip.jpg,64.55813598632812
42_0_0_20170105163508427.jpg.chip.jpg,42.50183868408203
80_1_0_20170110155128293.jpg.chip.jpg,63.949275970458984
58_1_3_20170104220324390.jpg.chip.jpg,43.4716682434082
78_0_1_20170111222209093.jpg.chip.jpg,69.15056610107422
27_1_4_20170103210539730.jpg.chip.jpg,29.493253707885742
65_1_3_20170109135755974.jpg.chip.jpg,42.56655502319336
54_0_0_20170104212610221.jpg.chip.jpg,37.1652946472168
53_1_0_20170110160643235.jpg.chip.jpg,28.39057159423828
80_0_1_20170111205416943.jpg.chip.jpg,42.610538482666016
18_1_0_20170109214113667.jpg.chip.jpg,27.840482711791992
52_1_4_20170104185604990.jpg.chip.jpg,76.02458953857422
50_0_0_20170111181750459.jpg.chip.jpg,29.018495559692383
61_0_0_20170111171747571.jpg.chip.jpg,37.55295944213867
8_0_0_20170104012108817.jpg.chip.jpg,28.63190269470215
24_1_3_20170104222905601.jpg.chip.jpg,16.75704002380371
16_1_0_20170109214419099.jpg.chip.jpg,12.750936508178711
86_1_2_20170105174813405.jpg.chip.jpg,61.55043029785156
